Symbol,Name,Last Sale,Net Change,% Change,Market Cap,Country,IPO Year,Volume,Sector,Industry
AAPL,Apple Inc. Common Stock,$186.98,0.70,0.376%,2867166652360.00,United States,1980,30223159,Technology,Computer Manufacturing
ABNB,Airbnb Inc. Class A Common Stock,$146.59,-2.54,-1.703%,94410382841.00,United States,2020,2265614,Finance,Diversified Commercial Services
ACGL,Arch Capital Group Ltd. Common Stock,$98.02,0.11,0.112%,36805945111.00,Bermuda,,368256,Finance,Property-Casualty Insurers
ADBE,Adobe Inc. Common Stock,$470.54,-12.57,-2.602%,210801920000.00,United States,1986,2128354,Technology,Computer Software: Prepackaged Software
ADI,Analog Devices Inc. Common Stock,$210.44,2.06,0.989%,104358911086.00,United States,,946968,Technology,Semiconductors
ADP,Automatic Data Processing Inc. Common Stock,$245.20,-2.60,-1.049%,100358234606.00,United States,,486332,Technology,EDP Services
ADSK,Autodesk Inc. Common Stock,$215.06,-1.59,-0.734%,46004629795.00,United States,,783822,Technology,Computer Software: Prepackaged Software
AEP,American Electric Power Company Inc. Common Stock,$90.71,-0.81,-0.885%,47815214759.00,United States,,1259981,Utilities,Electric Utilities: Central
AFRM,Affirm Holdings Inc. Class A Common Stock,$33.02,1.01,3.155%,10207295580.00,United States,2021,6017985,Finance,Finance: Consumer Services
AGNCM,AGNC Investment Corp. Depositary Shares rep 6.875% Series D Fixed-to-Floating Cumulative Redeemable Preferred Stock,$24.9937,0.1437,0.578%,11942789658.00,United States,,16910,Real Estate,Real Estate Investment Trusts
AGNCN,AGNC Investment Corp. Depositary Shares Each Representing a 1/1000th Interest in a Share of 7.00% Series C Fixed-To-Floating Rate Cumulative Redeemable Preferred Stock,$25.50,-0.15,-0.585%,12184716000.00,United States,,9782,Real Estate,Real Estate Investment Trusts
AKAM,Akamai Technologies Inc. Common Stock,$92.431,-1.889,-2.003%,14078770848.00,United States,1999,1161340,Consumer Discretionary,Business Services
ALAB,Astera Labs Inc. Common Stock,$71.665,1.405,2.00%,11158333736.00,United States,2024,1025555,Technology,Semiconductors
ALGN,Align Technology Inc. Common Stock,$275.45,2.71,0.994%,20736340684.00,United States,2001,228615,Health Care,Industrial Specialties
ALNY,Alnylam Pharmaceuticals Inc. Common Stock,$147.95,-1.94,-1.294%,18714458555.00,United States,2004,208384,Health Care,Biotechnology: Pharmaceutical Preparations
AMAT,Applied Materials Inc. Common Stock,$208.99,2.36,1.142%,173649238430.00,United States,1972,1409773,Technology,Industrial Machinery/Components
AMD,Advanced Micro Devices Inc. Common Stock,$152.04,1.48,0.983%,245744360947.00,United States,,23158775,Technology,Semiconductors
AMGN,Amgen Inc. Common Stock,$310.29,1.84,0.597%,166450320581.00,United States,1983,820833,Health Care,Biotechnology: Biological Products (No Diagnostic Substances)
AMZN,Amazon.com Inc. Common Stock,$186.6145,0.0445,0.024%,1942027571737.00,United States,1997,23258118,Consumer Discretionary,Catalog/Specialty Distribution
ANSS,ANSYS Inc. Common Stock,$326.11,-2.09,-0.637%,28469396804.00,United States,1996,259177,,
APA,APA Corporation Common Stock,$30.025,-0.175,-0.579%,11145050129.00,United States,,1976763,Energy,Oil & Gas Production
APP,Applovin Corporation Class A Common Stock,$82.795,-3.575,-4.139%,27240686642.00,United States,2021,4800021,Technology,Computer Software: Programming Data Processing
ARCC,Ares Capital Corporation Common Stock,$21.275,0.135,0.639%,12930169611.00,United States,2004,2384303,Finance,Finance/Investors Services
ARGX,argenx SE American Depositary Shares,$355.07,-4.41,-1.227%,21018186854.00,Netherlands,2017,156086,Health Care,Biotechnology: Biological Products (No Diagnostic Substances)
ARM,Arm Holdings plc American Depositary Shares,$116.46,-0.77,-0.657%,119729654912.00,United Kingdom,2023,6343153,Technology,Semiconductors
ASML,ASML Holding N.V. New York Registry Shares,$910.45,-6.79,-0.74%,358190805884.00,Netherlands,1995,356962,Technology,Industrial Machinery/Components
AVGO,Broadcom Inc. Common Stock,$1367.89,30.38,2.271%,633909275880.00,United States,2009,794504,Technology,Semiconductors
AXON,Axon Enterprise Inc. Common Stock,$295.74,-4.49,-1.496%,22318675643.00,United States,2001,568789,Industrials,Ordnance And Accessories
AZN,AstraZeneca PLC American Depositary Shares,$77.22,-0.21,-0.271%,239411241361.00,United Kingdom,,1802806,Health Care,Biotechnology: Pharmaceutical Preparations
AZPN,Aspen Technology Inc. Common Stock,$209.09,1.79,0.863%,13241220784.00,United States,,78802,Technology,EDP Services
BGNE,BeiGene Ltd. American Depositary Shares,$161.80,-0.37,-0.228%,16920849516.00,Cayman Islands,2016,48936,Health Care,Biotechnology: Pharmaceutical Preparations
BIDU,Baidu Inc. ADS,$109.04,-2.75,-2.46%,38234758782.00,China,2005,1972565,Technology,Computer Software: Programming Data Processing
BIIB,Biogen Inc. Common Stock,$225.19,-0.15,-0.067%,32786964785.00,United States,,483268,Health Care,Biotechnology: Biological Products (No Diagnostic Substances)
BKNG,Booking Holdings Inc. Common Stock,$3755.00,10.00,0.267%,127397901435.00,United States,,93482,Consumer Discretionary,Transportation Services
BKR,Baker Hughes Company Class A Common Stock,$32.42,0.01,0.031%,32355083294.00,United States,,1186002,Industrials,Metal Fabrications
BMRN,BioMarin Pharmaceutical Inc. Common Stock,$79.72,-0.78,-0.969%,15137217895.00,United States,1999,704489,Health Care,Biotechnology: Pharmaceutical Preparations
BNTX,BioNTech SE American Depositary Share,$91.94,-0.78,-0.841%,21856504076.00,Germany,2019,162771,Health Care,Biotechnology: Biological Products (No Diagnostic Substances)
BPYPM,Brookfield Property Partners L.P. 6.25% Class A Cumulative Redeemable Preferred Units Series 1,$14.13,-0.13,-0.912%,12735991427.00,Bermuda,,7467,Finance,Real Estate
BPYPN,Brookfield Property Partners L.P. 5.750% Class A Cumulative Redeemable Perpetual Preferred Units Series 3,$12.59,-0.07,-0.553%,11347921590.00,Bermuda,,7421,Finance,Real Estate
BPYPO,Brookfield Property Partners L.P. 6.375% Class A Cumulative Redeemable Perpetual Preferred Units Series 2,$13.77,-0.15,-1.078%,12411507569.00,Bermuda,,4702,Finance,Finance/Investors Services
BPYPP,Brookfield Property Partners L.P. 6.50% Class A Cumulative Redeemable Perpetual Preferred Units,$14.00,-0.10,-0.709%,12618816700.00,Bermuda,,12318,Finance,Real Estate
BRKR,Bruker Corporation Common Stock,$74.655,0.415,0.559%,10850012495.00,United States,,703406,Industrials,Biotechnology: Laboratory Analytical Instruments
BSY,Bentley Systems Incorporated Class B Common Stock,$55.04,0.20,0.365%,16512011558.00,United States,2020,382909,Technology,Computer Software: Prepackaged Software
CASY,Casey's General Stores Inc. Common Stock,$341.225,0.965,0.284%,12631188952.00,United States,1983,162583,Consumer Discretionary,Retail-Auto Dealers and Gas Stations
CCEP,Coca-Cola Europacific Partners plc Ordinary Shares,$74.62,0.16,0.215%,34281663483.00,United Kingdom,,476324,Consumer Staples,Beverages (Production/Distribution)
CDNS,Cadence Design Systems Inc. Common Stock,$282.60,-1.86,-0.654%,76905068400.00,United States,,429037,Technology,Computer Software: Prepackaged Software
CDW,CDW Corporation Common Stock,$220.77,-1.28,-0.576%,29670975814.00,United States,2013,206108,Consumer Discretionary,Catalog/Specialty Distribution
CEG,Constellation Energy Corporation Common Stock ,$215.50,1.91,0.894%,67933110175.00,United States,,853957,Utilities,Electric Utilities: Central
CELH,Celsius Holdings Inc. Common Stock,$90.53,3.95,4.562%,21100850361.00,United States,,3773132,Consumer Staples,Beverages (Production/Distribution)
CG,The Carlyle Group Inc. Common Stock,$42.065,0.345,0.827%,15138373106.00,United States,2012,818039,Finance,Investment Managers
CHK,Chesapeake Energy Corporation Common Stock,$89.565,1.175,1.329%,11737355589.00,United States,,808403,Energy,Oil & Gas Production
CHKEW,Chesapeake Energy Corporation Class A Warrants,$78.00,0.00,0.00%,10221780114.00,United States,,16,Energy,Oil & Gas Production
CHKEZ,Chesapeake Energy Corporation Class B Warrants,$78.30,1.30,1.688%,10261094653.00,United States,,13341,Energy,Oil & Gas Production
CHKP,Check Point Software Technologies Ltd. Ordinary Shares,$148.07,-1.96,-1.306%,16718054646.00,Israel,1996,714458,Technology,Computer Software: Prepackaged Software
CHTR,Charter Communications Inc. Class A Common Stock New,$275.546,0.896,0.326%,39686889278.00,United States,,517258,Telecommunications,Cable & Other Pay Television Services
CINF,Cincinnati Financial Corporation Common Stock,$118.17,-0.16,-0.135%,18500507428.00,United States,,121396,Finance,Property-Casualty Insurers
CMCSA,Comcast Corporation Class A Common Stock,$39.64,-0.06,-0.151%,155532536543.00,United States,,6377642,Telecommunications,Cable & Other Pay Television Services
CME,CME Group Inc. Class A Common Stock,$208.57,-1.35,-0.643%,75098834429.00,United States,2002,827853,Finance,Investment Bankers/Brokers/Service
COIN,Coinbase Global Inc. Class A Common Stock,$201.3254,1.8154,0.91%,49439265274.00,United States,,4279240,Finance,Finance: Consumer Services
COO,The Cooper Companies Inc. Common Stock,$95.33,2.50,2.693%,18947436554.00,United States,,540114,Health Care,Ophthalmic Goods
COST,Costco Wholesale Corporation Common Stock,$775.52,0.37,0.048%,343946249999.00,United States,,644882,Consumer Discretionary,Department/Specialty Retail Stores
CPRT,Copart Inc. (DE) Common Stock,$54.07,-0.52,-0.953%,51986241148.00,United States,1994,2515906,Consumer Discretionary,Retail-Auto Dealers and Gas Stations
CRWD,CrowdStrike Holdings Inc. Class A Common Stock,$328.13,8.95,2.804%,79364362750.00,United States,2019,1390431,Technology,EDP Services
CSCO,Cisco Systems Inc. Common Stock (DE),$48.555,-0.125,-0.257%,196608278669.00,United States,1990,8027392,Telecommunications,Computer Communications Equipment
CSGP,CoStar Group Inc. Common Stock,$87.77,-0.81,-0.914%,35840205953.00,United States,1998,456411,Consumer Discretionary,Business Services
CSX,CSX Corporation Common Stock,$33.875,-0.645,-1.868%,66223157613.00,United States,,6847038,Industrials,Railroads
CTAS,Cintas Corporation Common Stock,$686.50,-2.26,-0.328%,69654520439.00,United States,1983,204208,Consumer Discretionary,Apparel
CTSH,Cognizant Technology Solutions Corporation Class A Common Stock,$67.695,-0.175,-0.258%,33657877369.00,United States,1998,781213,Technology,EDP Services
CYBR,CyberArk Software Ltd. Ordinary Shares,$238.22,4.20,1.795%,10066066142.00,Israel,2014,316940,Technology,Computer Software: Prepackaged Software
DASH,DoorDash Inc. Class A Common Stock,$114.92,-1.59,-1.365%,46992445261.00,United States,,2690866,Consumer Discretionary,Business Services
DDOG,Datadog Inc. Class A Common Stock,$117.01,-1.25,-1.057%,39139705992.00,United States,2019,1762203,Technology,Computer Software: Prepackaged Software
DKNG,DraftKings Inc. Class A Common Stock,$43.875,0.665,1.539%,38137801631.00,United States,2019,3733821,Consumer Discretionary,Services-Misc. Amusement & Recreation
DLTR,Dollar Tree Inc. Common Stock,$119.095,-1.105,-0.919%,25960687529.00,United States,1995,914785,Consumer Discretionary,Department/Specialty Retail Stores
DOCU,DocuSign Inc. Common Stock,$59.94,0.18,0.301%,12312582832.00,United States,1989,761992,Technology,EDP Services
DXCM,DexCom Inc. Common Stock,$124.975,0.025,0.02%,49700537529.00,United States,2005,1086174,Health Care,Medical/Dental Instruments
EA,Electronic Arts Inc. Common Stock,$126.33,-0.25,-0.198%,33774383738.00,United States,,816379,Technology,Computer Software: Prepackaged Software
EBAY,eBay Inc. Common Stock,$51.79,-0.20,-0.385%,26205740000.00,United States,1998,1577690,Consumer Discretionary,Business Services
ENPH,Enphase Energy Inc. Common Stock,$114.4588,3.6788,3.321%,15573577602.00,United States,2012,3191692,Technology,Semiconductors
ENTG,Entegris Inc. Common Stock,$129.67,0.88,0.683%,19553130823.00,United States,2000,413912,Technology,Semiconductors
EQIX,Equinix Inc. Common Stock REIT,$784.59,7.70,0.991%,74462089839.00,United States,2000,356615,Real Estate,Real Estate Investment Trusts
ERIC,Ericsson American Depositary Shares,$5.65,0.29,5.41%,18894457303.00,Sweden,,24887255,Technology,Radio And Television Broadcasting And Communications Equipment
ERIE,Erie Indemnity Company Class A Common Stock,$396.37,-6.36,-1.579%,18308968456.00,United States,,43319,Finance,Specialty Insurers
EVRG,Evergy Inc. Common Stock,$55.21,-0.53,-0.951%,12694386494.00,United States,,658395,Utilities,Power Generation
EWBC,East West Bancorp Inc. Common Stock,$77.60,0.42,0.544%,10797521399.00,United States,,234219,Finance,Major Banks
EXC,Exelon Corporation Common Stock,$38.20,0.07,0.184%,38200959737.00,United States,,4165792,Utilities,Power Generation
EXPE,Expedia Group Inc. Common Stock,$113.12,0.45,0.399%,15016424236.00,United States,,1128033,Consumer Discretionary,Transportation Services
FANG,Diamondback Energy Inc. Common Stock,$197.81,-0.99,-0.498%,35278173825.00,United States,2012,676063,Energy,Oil & Gas Production
FAST,Fastenal Company Common Stock,$67.1545,-0.2055,-0.305%,38449137664.00,United States,1987,860778,Consumer Discretionary,RETAIL: Building Materials
FCNCA,First Citizens BancShares Inc. Class A Common Stock,$1739.96,-2.89,-0.166%,25281157711.00,United States,,48381,Finance,Major Banks
FER,Ferrovial SE Ordinary Shares,$40.45,2.55,6.728%,29425079907.00,Netherlands,,4970,Technology,Industrial Machinery/Components
FFIV,F5 Inc. Common Stock,$171.605,0.205,0.12%,10058014445.00,United States,1999,227624,Telecommunications,Computer Communications Equipment
FITB,Fifth Third Bancorp Common Stock,$38.405,0.205,0.537%,26270736051.00,United States,,1328514,Finance,Major Banks
FITBI,Fifth Third Bancorp Depositary Shares,$25.59,0.07,0.274%,17504703438.00,United States,,15689,Finance,Major Banks
FITBO,Fifth Third Bancorp Depositary Shares each representing a 1/1000th ownership interest in a share of Non-Cumulative Perpetual Preferred Stock Series K,$21.66,-0.06,-0.276%,14816407834.00,United States,,6862,Finance,Major Banks
FITBP,Fifth Third Bancorp Depositary Shares each representing 1/40th share of Fifth Third 6.00% Non-Cumulative Perpetual Class B Preferred Stock Series A,$23.72,-0.10,-0.42%,16225539881.00,United States,,5360,Finance,Major Banks
FLEX,Flex Ltd. Ordinary Shares,$28.985,0.425,1.488%,12207415845.00,Singapore,1994,1387050,Technology,Electrical Products
FOX,Fox Corporation Class B Common Stock,$30.84,0.10,0.325%,14393988882.00,United States,,245147,Industrials,Broadcasting
FOXA,Fox Corporation Class A Common Stock,$33.305,0.125,0.377%,15544481184.00,United States,,1238277,Industrials,Broadcasting
FSLR,First Solar Inc. Common Stock,$183.95,-5.59,-2.949%,19690269209.00,United States,2006,1530721,Technology,Semiconductors
FTNT,Fortinet Inc. Common Stock,$60.125,0.495,0.83%,45931772731.00,United States,2009,1883481,Technology,Computer peripheral equipment
FUTU,Futu Holdings Limited American Depositary Shares,$72.58,0.05,0.069%,10001069069.00,Hong Kong,2019,933957,Finance,Investment Bankers/Brokers/Service
FWONA,Liberty Media Corporation Series A Liberty Formula One Common Stock,$62.275,0.495,0.801%,14636684434.00,United States,,31797,Consumer Discretionary,Movies/Entertainment
FWONK,Liberty Media Corporation Series C Liberty Formula One Common Stock,$69.54,0.59,0.856%,16344199688.00,United States,,359645,Industrials,Broadcasting
GEHC,GE HealthCare Technologies Inc. Common Stock ,$80.76,-0.27,-0.333%,36864143200.00,United States,,763597,Health Care,Medical Electronics
GEN,Gen Digital Inc. Common Stock,$24.305,0.305,1.271%,15480096699.00,United States,,4209356,Technology,Computer Software: Prepackaged Software
GFS,GlobalFoundries Inc. Ordinary Shares,$53.64,1.01,1.919%,29692324912.00,United States,2021,569671,Technology,Semiconductors
GILD,Gilead Sciences Inc. Common Stock,$67.3852,-0.1548,-0.229%,83952067659.00,United States,1992,2155260,Health Care,Biotechnology: Biological Products (No Diagnostic Substances)
GLPI,Gaming and Leisure Properties Inc. Common Stock,$44.755,0.235,0.528%,12151008637.00,United States,,224929,Real Estate,Real Estate Investment Trusts
GMAB,Genmab A/S ADS,$29.39,0.23,0.789%,19419305837.00,Denmark,2019,401465,Health Care,Biotechnology: Pharmaceutical Preparations
GOOG,Alphabet Inc. Class C Capital Stock,$171.73,0.83,0.486%,2122239340000.00,United States,2004,10831153,Technology,Computer Software: Programming Data Processing
GOOGL,Alphabet Inc. Class A Common Stock,$170.125,0.985,0.582%,2102404750000.00,United States,2004,14288413,Technology,Computer Software: Programming Data Processing
GRAB,Grab Holdings Limited Class A Ordinary Shares,$3.565,0.025,0.706%,13916843977.00,Singapore,,12722621,Consumer Discretionary,Business Services
HBAN,Huntington Bancshares Incorporated Common Stock,$14.0611,0.1011,0.724%,20378107486.00,United States,,5065480,Finance,Major Banks
HBANM,Huntington Bancshares Incorporated Depositary Shares each representing a 1/1000th interest in a share of Huntington Series I Preferred Stock,$22.05,-0.0837,-0.378%,31956053941.00,United States,,8719,Finance,Major Banks
HBANP,Huntington Bancshares Incorporated Depositary Shares 4.500% Series H Non-Cumulative Perpetual Preferred Stock,$17.80,-0.1701,-0.947%,25796723817.00,United States,,21633,Finance,Major Banks
HOLX,Hologic Inc. Common Stock,$74.86,-0.71,-0.94%,17470598327.00,United States,1990,422321,Health Care,Medical Electronics
HON,Honeywell International Inc. Common Stock,$203.40,-0.40,-0.196%,132451133344.00,United States,,1019437,Industrials,Aerospace
HOOD,Robinhood Markets Inc. Class A Common Stock,$17.89,1.00,5.921%,15722375289.00,United States,2021,26508611,Finance,Investment Bankers/Brokers/Service
HST,Host Hotels & Resorts Inc. Common Stock,$18.515,0.065,0.352%,13053892141.00,United States,,2449904,Real Estate,Real Estate Investment Trusts
HTHT,H World Group Limited American Depositary Shares,$41.43,0.73,1.794%,13087929028.00,China,2010,710383,Consumer Discretionary,Hotels/Resorts
IBKR,Interactive Brokers Group Inc. Class A Common Stock,$121.42,1.17,0.973%,13005267423.00,United States,2019,286881,Finance,Investment Bankers/Brokers/Service
ICLR,ICON plc Ordinary Shares,$313.51,4.00,1.292%,25863034412.00,Ireland,1998,253327,Health Care,Biotechnology: Commercial Physical & Biological Resarch
IDXX,IDEXX Laboratories Inc. Common Stock,$516.70,13.68,2.72%,42672872378.00,United States,1991,292493,Health Care,Biotechnology: In Vitro & In Vivo Diagnostic Substances
ILMN,Illumina Inc. Common Stock,$115.635,2.865,2.541%,18420655500.00,United States,2000,925622,Health Care,Medical Specialities
INCY,Incyte Corp. Common Stock,$57.06,-0.54,-0.938%,12812295252.00,United States,,1262022,Health Care,Biotechnology: Commercial Physical & Biological Resarch
INTC,Intel Corporation Common Stock,$30.825,0.315,1.032%,131222025000.00,United States,,19728823,Technology,Semiconductors
INTU,Intuit Inc. Common Stock,$633.715,6.525,1.04%,177426891985.00,United States,1993,388949,Technology,Computer Software: Prepackaged Software
ISRG,Intuitive Surgical Inc. Common Stock,$382.505,1.625,0.427%,135676750444.00,United States,2000,378117,Health Care,Medical/Dental Instruments
JBHT,J.B. Hunt Transport Services Inc. Common Stock,$167.20,-2.17,-1.281%,17254467006.00,United States,,266484,Industrials,Trucking Freight/Courier Services
JD,JD.com Inc. American Depositary Shares,$33.345,-0.435,-1.288%,52422277511.00,China,2014,6683143,Consumer Discretionary,Other Specialty Stores
JKHY,Jack Henry & Associates Inc. Common Stock,$165.04,-2.68,-1.598%,12031420291.00,United States,1985,220317,Technology,EDP Services
KDP,Keurig Dr Pepper Inc. Common Stock,$34.005,-0.115,-0.337%,46096303221.00,United States,,2767173,Consumer Staples,Beverages (Production/Distribution)
KHC,The Kraft Heinz Company Common Stock,$36.195,-0.295,-0.808%,43951522697.00,United States,,2977897,Consumer Staples,Packaged Foods
KLAC,KLA Corporation Common Stock,$726.00,13.30,1.866%,97748604426.00,United States,1980,306412,Technology,Electronic Components
KSPI,Joint Stock Company Kaspi.kz American Depository Shares,$118.8475,0.2775,0.234%,22501808982.00,Kazakhstan,2024,57229,,
LAMR,Lamar Advertising Company Class A Common Stock,$119.50,0.28,0.235%,12217762933.00,United States,1996,145666,Real Estate,Real Estate Investment Trusts
LECO,Lincoln Electric Holdings Inc. Common Shares,$229.70,-1.96,-0.846%,13071844090.00,United States,,126037,Industrials,Industrial Machinery/Components
LI,Li Auto Inc. American Depositary Shares,$26.215,-0.785,-2.907%,27449992975.00,China,2020,4719427,Consumer Discretionary,Auto Manufacturing
LIN,Linde plc Ordinary Shares,$431.77,-3.01,-0.692%,207541597847.00,United States,,481454,Industrials,Major Chemicals
LKQ,LKQ Corporation Common Stock,$44.035,-0.515,-1.156%,11747474511.00,United States,2003,631439,Consumer Discretionary,Motor Vehicles
LNT,Alliant Energy Corporation Common Stock,$51.215,-0.125,-0.243%,13130452124.00,United States,,646580,Utilities,Power Generation
LOGI,Logitech International S.A. Ordinary Shares,$88.71,2.35,2.721%,14081622254.00,United States,1997,267942,Technology,Computer peripheral equipment
LPLA,LPL Financial Holdings Inc. Common Stock,$265.19,-2.24,-0.838%,19812061412.00,United States,2010,317206,Finance,Investment Bankers/Brokers/Service
LRCX,Lam Research Corporation Common Stock,$907.12,3.33,0.368%,118597775920.00,United States,1984,254464,Technology,Industrial Machinery/Components
LULU,lululemon athletica inc. Common Stock,$351.77,4.61,1.328%,42526225274.00,Canada,2007,685140,Consumer Discretionary,Apparel
MANH,Manhattan Associates Inc. Common Stock,$215.76,2.14,1.002%,13284317956.00,United States,1998,136510,Technology,Computer Software: Prepackaged Software
MAR,Marriott International Class A Common Stock,$236.485,-1.015,-0.427%,67545403095.00,United States,,618176,Consumer Discretionary,Hotels/Resorts
MCHP,Microchip Technology Incorporated Common Stock,$93.42,0.88,0.951%,50483042196.00,United States,1993,1340890,Technology,Semiconductors
MDB,MongoDB Inc. Class A Common Stock,$357.54,-1.70,-0.473%,26040034354.00,United States,2017,489680,Technology,Computer Software: Prepackaged Software
MDLZ,Mondelez International Inc. Class A Common Stock,$71.645,-0.115,-0.16%,96101666845.00,United States,,1812778,Consumer Staples,Packaged Foods
MEDP,Medpace Holdings Inc. Common Stock,$396.95,7.68,1.973%,12298860233.00,United States,2016,57429,Health Care,Biotechnology: Commercial Physical & Biological Resarch
MELI,MercadoLibre Inc. Common Stock,$1688.925,11.585,0.691%,85624177230.00,Argentina,2007,182746,Consumer Discretionary,Catalog/Specialty Distribution
META,Meta Platforms Inc. Class A Common Stock,$469.4569,1.4469,0.309%,1190793478051.00,United States,2012,6542840,Technology,Computer Software: Programming Data Processing
MNST,Monster Beverage Corporation,$54.285,-0.435,-0.795%,56550216857.00,United States,,4381778,Consumer Staples,Beverages (Production/Distribution)
MORN,Morningstar Inc. Common Stock,$295.61,-0.79,-0.267%,12636021791.00,United States,2005,33362,Finance,Investment Managers
MPWR,Monolithic Power Systems Inc. Common Stock,$708.34,5.29,0.752%,34476324480.00,United States,2004,87730,Technology,Semiconductors
MRNA,Moderna Inc. Common Stock,$127.0058,1.3358,1.063%,48673667992.00,United States,2018,2246424,Health Care,Biotechnology: Biological Products (No Diagnostic Substances)
MRVL,Marvell Technology Inc. Common Stock,$67.835,-1.185,-1.717%,58745110000.00,United States,2000,5594707,Technology,Semiconductors
MSFT,Microsoft Corporation Common Stock,$414.29,0.57,0.138%,3079129967396.00,United States,1986,7508420,Technology,Computer Software: Prepackaged Software
MSTR,MicroStrategy Incorporated Common Stock Class A,$1272.60,26.64,2.138%,22572654691.00,United States,1998,660191,Technology,Computer Software: Prepackaged Software
MU,Micron Technology Inc. Common Stock,$123.10,0.10,0.081%,136317014341.00,United States,,8027166,Technology,Semiconductors
NBIX,Neurocrine Biosciences Inc. Common Stock,$136.46,0.31,0.228%,13732955996.00,United States,1996,254181,Health Care,Biotechnology: Biological Products (No Diagnostic Substances)
NDAQ,Nasdaq Inc. Common Stock,$60.28,-0.34,-0.561%,34753384164.00,United States,,589579,Finance,Investment Bankers/Brokers/Service
NDSN,Nordson Corporation Common Stock,$274.34,0.58,0.212%,15690120493.00,United States,,73661,Industrials,Industrial Machinery/Components
NFLX,Netflix Inc. Common Stock,$608.87,-7.72,-1.252%,262401654070.00,United States,2002,1573661,Consumer Discretionary,Consumer Electronics/Video Chains
NICE,NICE Ltd American Depositary Shares,$224.30,-1.25,-0.554%,14101891057.00,Israel,,168093,Technology,Computer Manufacturing
NTES,NetEase Inc. American Depositary Shares,$98.6625,-0.8275,-0.832%,63356778310.00,China,,833151,Technology,Computer Software: Prepackaged Software
NTNX,Nutanix Inc. Class A Common Stock,$66.975,1.385,2.112%,16363945893.00,United States,2016,641233,Technology,Computer Software: Prepackaged Software
NTRA,Natera Inc. Common Stock,$106.08,2.75,2.661%,13026909780.00,United States,2015,686755,Health Care,Medical Specialities
NTRS,Northern Trust Corporation Common Stock,$86.21,0.32,0.373%,17637852526.00,United States,,336272,Finance,Major Banks
NVDA,NVIDIA Corporation Common Stock,$910.00,6.01,0.665%,2275000000000.00,United States,1999,20160292,Technology,Semiconductors
NWS,News Corporation Class B Common Stock,$26.395,0.105,0.399%,15042215985.00,United States,,259471,Consumer Discretionary,Newspapers/Magazines
NWSA,News Corporation Class A Common Stock,$25.565,0.105,0.412%,14569208246.00,United States,,1009216,Consumer Discretionary,Newspapers/Magazines
NXPI,NXP Semiconductors N.V. Common Stock,$267.12,3.19,1.209%,68298251581.00,Netherlands,2010,737859,Technology,Semiconductors
ODFL,Old Dominion Freight Line Inc. Common Stock,$180.525,-1.495,-0.821%,39225389428.00,United States,1991,1115760,Industrials,Trucking Freight/Courier Services
OKTA,Okta Inc. Class A Common Stock,$97.72,-0.68,-0.691%,16358050768.00,United States,2017,509439,Technology,Computer Software: Prepackaged Software
ON,ON Semiconductor Corporation Common Stock,$72.68,0.35,0.484%,31269253693.00,United States,,2378588,Technology,Semiconductors
ORLY,O'Reilly Automotive Inc. Common Stock,$1000.015,-12.735,-1.257%,58894979411.00,United States,1993,322408,Consumer Discretionary,Auto & Home Supply Stores
PAA,Plains All American Pipeline L.P. Common Units representing Limited Partner Interests,$17.36,0.01,0.058%,12170593098.00,United States,1998,742975,Energy,Natural Gas Distribution
PANW,Palo Alto Networks Inc. Common Stock,$299.99,-2.26,-0.748%,96926769000.00,United States,,1299774,Technology,Computer peripheral equipment
PARAA,Paramount Global Class A Common Stock,$22.07,-0.07,-0.316%,14709184512.00,United States,,40204,Industrials,Broadcasting
PAYX,Paychex Inc. Common Stock,$123.91,-0.86,-0.689%,44603057583.00,United States,1983,1419687,Consumer Discretionary,Business Services
PCAR,PACCAR Inc. Common Stock,$107.68,1.13,1.061%,56439981625.00,United States,,781647,Consumer Discretionary,Auto Manufacturing
PDD,PDD Holdings Inc. American Depositary Shares,$138.7898,-1.7302,-1.231%,190957108933.00,China,2018,4018141,Consumer Discretionary,Business Services
PEP,PepsiCo Inc. Common Stock,$179.185,-1.715,-0.948%,246341025826.00,United States,,1586197,Consumer Staples,Beverages (Production/Distribution)
PFG,Principal Financial Group Inc Common Stock,$84.13,0.21,0.25%,19718687304.00,United States,2001,221414,Finance,Accident &Health Insurance
PODD,Insulet Corporation Common Stock,$168.55,7.53,4.676%,11805159579.00,United States,2007,1537167,Health Care,Medical/Dental Instruments
POOL,Pool Corporation Common Stock,$376.30,3.21,0.86%,14423119914.00,United States,1995,103944,Consumer Discretionary,Industrial Specialties
PTC,PTC Inc. Common Stock,$179.97,0.85,0.475%,21550374472.00,United States,,251849,Technology,Computer Software: Prepackaged Software
PYPL,PayPal Holdings Inc. Common Stock,$64.505,0.555,0.868%,67475199875.00,United States,,3711683,Consumer Discretionary,Business Services
QCOM,QUALCOMM Incorporated Common Stock,$187.92,3.71,2.014%,209718720000.00,United States,1991,3885282,Technology,Computer peripheral equipment
QRTEP,Qurate Retail Inc. 8.0% Fixed Rate Cumulative Redeemable Preferred Stock,$49.22,-0.63,-1.264%,19533402195.00,United States,,29382,Consumer Discretionary,Catalog/Specialty Distribution
REG,Regency Centers Corporation Common Stock,$59.38,-0.42,-0.702%,10972182483.00,United States,1993,387695,Real Estate,Real Estate Investment Trusts
REGN,Regeneron Pharmaceuticals Inc. Common Stock,$979.79,2.83,0.29%,107958653984.00,United States,1991,132850,Health Care,Biotechnology: Pharmaceutical Preparations
RIVN,Rivian Automotive Inc. Class A Common Stock,$11.24,0.34,3.119%,11187399408.00,United States,2021,50357259,Consumer Discretionary,Auto Manufacturing
ROP,Roper Technologies Inc. Common Stock,$519.0253,-2.7347,-0.524%,55558820335.00,United States,1992,160507,Industrials,Industrial Machinery/Components
ROST,Ross Stores Inc. Common Stock,$132.32,-1.28,-0.958%,44350242337.00,United States,1985,1435884,Consumer Discretionary,Clothing/Shoe/Accessory Stores
RPRX,Royalty Pharma plc Class A Ordinary Shares ,$27.905,-0.475,-1.674%,16671487047.00,United States,2020,1156106,Health Care,Biotechnology: Pharmaceutical Preparations
RYAAY,Ryanair Holdings plc American Depositary Shares,$128.2299,-0.3301,-0.257%,29234109062.00,Ireland,1997,390368,Consumer Discretionary,Air Freight/Delivery Services
SAIA,Saia Inc. Common Stock,$404.005,0.985,0.244%,10741750389.00,United States,,137982,Industrials,Trucking Freight/Courier Services
SBAC,SBA Communications Corporation Class A Common Stock,$199.095,1.065,0.538%,21391366872.00,United States,1999,382871,Real Estate,Real Estate Investment Trusts
SBUX,Starbucks Corporation Common Stock,$75.67,-0.51,-0.669%,85711409000.00,United States,1992,6167268,Consumer Discretionary,Restaurants
SIRI,Sirius XM Holdings Inc. Common Stock,$3.1586,0.0186,0.592%,12149970869.00,United States,,13195760,Consumer Discretionary,Broadcasting
SLMBP,SLM Corporation Floating Rate Non-Cumulative Preferred Stock Series B,$77.60,0.33,0.427%,17093404718.00,United States,,669,Finance,Finance: Consumer Services
SMCI,Super Micro Computer Inc. Common Stock,$818.68,35.92,4.589%,47939057524.00,United States,2020,3652418,Technology,Computer Manufacturing
SNPS,Synopsys Inc. Common Stock,$556.58,-0.81,-0.145%,84902766980.00,United States,1992,216620,Technology,Computer Software: Prepackaged Software
SNY,Sanofi ADS,$49.64,-0.57,-1.135%,125569340922.00,France,,2236794,Health Care,Biotechnology: Pharmaceutical Preparations
SRAD,Sportradar Group AG Class A Ordinary Shares,$9.46,0.04,0.425%,10514457954.00,Switzerland,2021,349813,Technology,Computer Software: Programming Data Processing
SRPT,Sarepta Therapeutics Inc. Common Stock (DE),$132.79,1.09,0.828%,12551810887.00,United States,,459072,Health Care,Biotechnology: Pharmaceutical Preparations
SSNC,SS&C Technologies Holdings Inc. Common Stock,$62.99,-0.07,-0.111%,15578893218.00,United States,2010,584217,Technology,EDP Services
STLD,Steel Dynamics Inc.,$134.91,0.06,0.044%,21198839472.00,United States,1996,264516,Industrials,Steel/Iron Ore
STX,Seagate Technology Holdings PLC Ordinary Shares (Ireland),$95.625,2.475,2.657%,20080154329.00,Ireland,2002,1116656,Technology,Electronic Components
SWAV,Shockwave Medical Inc. Common Stock,$330.75,0.37,0.112%,12417526517.00,United States,2019,332706,Health Care,Medical/Dental Instruments
SWKS,Skyworks Solutions Inc. Common Stock,$94.345,0.445,0.474%,15137334666.00,United States,,829154,Technology,Semiconductors
SYM,Symbotic Inc. Class A Common Stock,$44.79,2.05,4.796%,26185467158.00,United States,2021,1406333,Industrials,Industrial Machinery/Components
TCOM,Trip.com Group Limited American Depositary Shares,$55.285,0.385,0.701%,35752353620.00,China,2003,1894511,Consumer Discretionary,Business Services
TEAM,Atlassian Corporation Class A Common Stock,$184.42,1.59,0.87%,48004185376.00,Australia,2015,636619,Technology,Computer Software: Prepackaged Software
TECH,Bio-Techne Corp Common Stock,$83.385,1.415,1.726%,13140194956.00,United States,,412391,Health Care,Biotechnology: Biological Products (No Diagnostic Substances)
TER,Teradyne Inc. Common Stock,$126.21,1.36,1.089%,19702881006.00,United States,,636321,Industrials,Electrical Products
TMUS,T-Mobile US Inc. Common Stock,$161.99,-1.36,-0.833%,189828671415.00,United States,,2087761,Telecommunications,Telecommunications Equipment
TPG,TPG Inc. Class A Common Stock,$42.265,-0.095,-0.224%,15416893400.00,United States,2022,197030,Finance,Investment Managers
TRMB,Trimble Inc. Common Stock,$57.21,0.15,0.263%,14055763625.00,United States,1990,538287,Industrials,Industrial Machinery/Components
TROW,T. Rowe Price Group Inc. Common Stock,$114.24,1.57,1.393%,25509780919.00,United States,1986,746730,Finance,Investment Bankers/Brokers/Service
TSCO,Tractor Supply Company Common Stock,$275.205,3.535,1.301%,29669959756.00,United States,1994,458366,Consumer Discretionary,RETAIL: Building Materials
TSLA,Tesla Inc. Common Stock,$176.37,4.48,2.606%,562478527974.00,United States,2010,68043099,Consumer Discretionary,Auto Manufacturing
TTD,The Trade Desk Inc. Class A Common Stock,$85.69,-1.84,-2.102%,41913295458.00,United States,2016,1979310,Technology,Computer Software: Programming Data Processing
TTEK,Tetra Tech Inc. Common Stock,$212.29,2.13,1.014%,11356935448.00,United States,1991,310073,Consumer Discretionary,Military/Government/Technical
TTWO,Take-Two Interactive Software Inc. Common Stock,$144.59,0.64,0.445%,24665089166.00,United States,1997,814493,Technology,Computer Software: Prepackaged Software
TW,Tradeweb Markets Inc. Class A Common Stock,$109.735,-0.015,-0.014%,25916816486.00,United States,2019,233976,Finance,Investment Bankers/Brokers/Service
TXN,Texas Instruments Incorporated Common Stock,$190.72,2.90,1.544%,173647154885.00,United States,,2359568,Technology,Semiconductors
TXRH,Texas Roadhouse Inc. Common Stock,$167.785,2.265,1.368%,11206467029.00,United States,2004,240358,Consumer Discretionary,Restaurants
UAL,United Airlines Holdings Inc. Common Stock,$54.9606,0.5606,1.031%,18071233850.00,United States,,4360041,Consumer Discretionary,Air Freight/Delivery Services
ULTA,Ulta Beauty Inc. Common Stock,$404.42,0.46,0.114%,19520845448.00,United States,2007,290944,Consumer Discretionary,Other Specialty Stores
UTHR,United Therapeutics Corporation Common Stock,$268.06,3.72,1.407%,11889987334.00,United States,1999,184544,Health Care,Biotechnology: Pharmaceutical Preparations
VLYPO,Valley National Bancorp 5.50% Fixed-to-Floating Rate Non-Cumulative Perpetual Preferred Stock Series B,$24.82,-0.18,-0.72%,12637916649.00,United States,,2630,Finance,Major Banks
VLYPP,Valley National Bancorp 6.25% Fixed-to-Floating Rate Non-Cumulative Perpetual Preferred Stock Series A,$22.74,0.08,0.353%,11578816463.00,United States,,2359,Finance,Major Banks
VOD,Vodafone Group Plc American Depositary Shares,$9.185,0.415,4.732%,24871496531.00,United Kingdom,,10354741,Telecommunications,Telecommunications Equipment
VRSK,Verisk Analytics Inc. Common Stock,$246.70,0.36,0.146%,35197980968.00,United States,2009,184989,Consumer Discretionary,Business Services
VRSN,VeriSign Inc. Common Stock,$169.9122,-1.1778,-0.688%,16923255120.00,United States,1998,323262,Technology,EDP Services
VRTX,Vertex Pharmaceuticals Incorporated Common Stock,$424.395,-5.535,-1.287%,109516567176.00,United States,1991,363843,Technology,EDP Services
VTRS,Viatris Inc. Common Stock,$11.09,-0.27,-2.377%,13204594833.00,United States,,3582055,Health Care,Biotechnology: Pharmaceutical Preparations
WBA,Walgreens Boots Alliance Inc. Common Stock,$18.135,0.015,0.083%,15645306892.00,United States,,4850797,Consumer Staples,Retail-Drug Stores and Proprietary Stores
WBD,Warner Bros. Discovery Inc. Series A Common Stock ,$8.465,0.085,1.014%,20741902914.00,United States,,19056147,Telecommunications,Cable & Other Pay Television Services
WDAY,Workday Inc. Class A Common Stock,$247.02,-0.06,-0.024%,65213280000.00,United States,,831968,Technology,EDP Services
WDC,Western Digital Corporation Common Stock,$72.51,1.54,2.17%,23676303677.00,United States,,2221201,Technology,Electronic Components
WING,Wingstop Inc. Common Stock,$387.79,10.37,2.748%,11389383769.00,United States,2015,194369,Consumer Discretionary,Restaurants
WMG,Warner Music Group Corp. Class A Common Stock,$32.05,-0.20,-0.62%,16599127675.00,United States,2020,1387748,Consumer Discretionary,Services-Misc. Amusement & Recreation
WTW,Willis Towers Watson Public Limited Company Ordinary Shares,$252.34,-1.34,-0.528%,25798222903.00,United Kingdom,2001,301776,Finance,Specialty Insurers
WWD,Woodward Inc. Common Stock,$177.07,0.19,0.107%,10787076954.00,United States,,264870,Energy,Industrial Machinery/Components
WYNN,Wynn Resorts Limited Common stock,$97.525,-0.465,-0.475%,10929710719.00,United States,2002,406542,Consumer Discretionary,Hotels/Resorts
XEL,Xcel Energy Inc. Common Stock,$55.435,-0.395,-0.708%,30801872301.00,United States,,1054221,Utilities,Power Generation
XP,XP Inc. Class A Common Stock,$21.795,0.015,0.069%,11976203727.00,Brazil,2019,880990,Finance,Investment Bankers/Brokers/Service
Z,Zillow Group Inc. Class C Capital Stock,$44.26,1.42,3.315%,10453598114.00,United States,,3094548,Consumer Discretionary,Business Services
ZBRA,Zebra Technologies Corporation Class A Common Stock,$319.80,3.80,1.203%,16443925079.00,United States,1991,77433,Industrials,Industrial Machinery/Components
ZG,Zillow Group Inc. Class A Common Stock,$43.55,1.35,3.199%,10285905962.00,United States,2011,338138,Consumer Discretionary,Business Services
ZM,Zoom Video Communications Inc. Class A Common Stock,$63.1701,0.0601,0.095%,19428574605.00,United States,2019,1880254,Technology,Computer Software: Programming Data Processing
ZS,Zscaler Inc. Common Stock,$176.31,1.31,0.749%,26421459749.00,United States,2018,524643,Technology,EDP Services
